Title,Company,Location,Salary,Posted Date,Link
CỘNG TÁC VIÊN DỊCH THUẬT,N/A,N/A,N/A,N/A,https://vn.indeed.com/rc/clk?jk=1b64723c18eded6e&bb=sThiR-tVNFQYJk43mZoaPbokynPIobWnkxLz8WpJMiQMJF7MeFP9RSJ72WH2WO4c4JPSig93WU-ZwGZ7fVwQnAIZAOkEdPK7B2WaJFr7WOKzVKX2j0aNDm6jE1kpo4jf&xkcb=SoCW67M35kIN0ZSL4R0LbzkdCdPP&fccid=8818c8bcb2f49d3e&vjs=3
IT Sourcer,N/A,N/A,N/A,N/A,https://vn.indeed.com/rc/clk?jk=9c5741d7cf302e8a&bb=sThiR-tVNFQYJk43mZoaPRp1raaa7zfEt_XfK9XXXO-yR_uaKdBDV7C-0jXSxUnQnXjSQ1JvourA5p4Ja4W4vvf-Dyyxp-hWi4Sn9f2W5DFo65VKtxzEaiIdas46v6A0&xkcb=SoAi67M35kIN0ZSL4R0KbzkdCdPP&fccid=139c24a6cad18045&vjs=3
Thực tập viên hoặc học việc IT,N/A,N/A,N/A,N/A,https://vn.indeed.com/rc/clk?jk=367bbce00aab7e18&bb=sThiR-tVNFQYJk43mZoaPZ0jvc8ss2NBMx68WdT0kScn7Ktfoda9U0drEqbokmKkA8fhGR9i8bb2O4t4z9XdwdCCdkVLkAgcqZ9H5Xqs6zt18K8DByRs0KFFHzQ_qDpO&xkcb=SoC_67M35kIN0ZSL4R0JbzkdCdPP&fccid=a002a3da65287b3f&vjs=3
Chuyên Viên IT (IT Support/ System) - Việc làm tiêu biểu,N/A,N/A,N/A,N/A,https://vn.indeed.com/rc/clk?jk=d3fcfc898e5f368d&bb=sThiR-tVNFQYJk43mZoaPcm6WCbsktquu5D6G5QWho0CgoNbt5PX5n9iy3ASt_v-xCks5tFwuAWcUpP4-qq2yholMh8eDmMCAkv2Jo-_7_M5qK-W4AEuEUy73eMi3eLG&xkcb=SoAL67M35kIN0ZSL4R0IbzkdCdPP&fccid=6bf726164c33d4cb&vjs=3
[HN] NHÂN VIÊN IT SUPPORT VĂN PHÒNG,N/A,N/A,N/A,N/A,https://vn.indeed.com/rc/clk?jk=d580d1597b96210a&bb=sThiR-tVNFQYJk43mZoaPUPREhar2m_DswD6jn5Yk3x3pKFEFqIwVnSiE8RNHxw-2xzWlDHcu1jo-GcNwy7wLQJ5ETQcO0VBcaSp6iA3qYgG1JzIojv8i2jUs-saMJGl&xkcb=SoCF67M35kIN0ZSL4R0PbzkdCdPP&fccid=b66256f4d62ba2fa&vjs=3
Lập trình viên Front-end (HTML/CSS) (Up tp 1000$),N/A,N/A,N/A,N/A,https://vn.indeed.com/rc/clk?jk=4717bf72240cab80&bb=sThiR-tVNFQYJk43mZoaPcytAxH08FeT5UvRRTDxWREihPybolD74q8Hi3w1GJProEFxjYr1kHX2lkIUMFz7uMXEg4ZU6amBWXmUVMvP1MtmpvD5bE1J63qPOhrm0hGq&xkcb=SoAx67M35kIN0ZSL4R0ObzkdCdPP&fccid=9e598cb8b5b9173e&vjs=3
Chuyên viên IT Helpdesk,N/A,N/A,N/A,N/A,https://vn.indeed.com/rc/clk?jk=3cd4588eb330e7a0&bb=sThiR-tVNFQYJk43mZoaPdQ9zqbbgbuJQvoHNUzz893Z1ruwUMGuVE-3hmZ6ng2QCVoH7Jj3vCnTw8_j3_VBE_-jMzWQffqMCrUx0X-vdqNCUrwkQlJHcPIM5Ohx77gQ&xkcb=SoCs67M35kIN0ZSL4R0NbzkdCdPP&fccid=b35455457a452ce9&vjs=3
Web Designer / Backend Programmer / Frontend Programmer,N/A,N/A,N/A,N/A,https://vn.indeed.com/rc/clk?jk=b91786ea8de4cded&bb=sThiR-tVNFQYJk43mZoaPYmtlIgtroz035qE1ZcKHEG3iD33MjHKh6_3lnN41bNnDo5hrumW3LjTZkXNJ3VZpq6JGi4M972Md9EDrRVn-y53wRaSx3PVLUaLFoAJe6qj&xkcb=SoAY67M35kIN0ZSL4R0MbzkdCdPP&fccid=6ac65f3f3054608c&cmp=Benstory-Vietnam&ti=Web+Developer&vjs=3
IT COMMUNICATOR,N/A,N/A,N/A,N/A,https://vn.indeed.com/rc/clk?jk=604065f9fa26c585&bb=sThiR-tVNFQYJk43mZoaPYQR3TpnJdEcoISbYvDfVlp-I4RR1GvHJdq8_s1QyDBH9kEUAVsljfIGIPQ76Ii64xaLMjdb6foiHqgLze1VrxGXn5Z7bkS_pcMNOd_PAIs4&xkcb=SoDx67M35kIN0ZSL4R0DbzkdCdPP&fccid=e0e4dbabf10e5424&vjs=3
IT comtor_Cầu Giấy,N/A,N/A,N/A,N/A,https://vn.indeed.com/rc/clk?jk=5beeb04206ba5cf7&bb=sThiR-tVNFQYJk43mZoaPRp1raaa7zfEHYpNpNa99GKMXB5R2-zQBYcJw88iYiI5BItKCKAVO_MWsrkumA1qFKbmteZTaH5_rHNphwYjrCvpbwRUseQbGe-BOAhbse5X&xkcb=SoBF67M35kIN0ZSL4R0CbzkdCdPP&fccid=be4dceabc2f026ea&cmp=VPDD-HR-PLUS-t%25E1%25BA%25A1i-HCM&ti=IT&vjs=3
IT Manager,N/A,N/A,N/A,N/A,https://vn.indeed.com/rc/clk?jk=a38f8aaecdde25fa&bb=sThiR-tVNFQYJk43mZoaPSzVH7xBVjw9cGqIU0stZ5TmveARto_B_SZgrEC0ssQuNquRQF7z4-jTh8mW_xpVZU9Udi_wZAVtkFjcVOkUljKt9KpKkdwo6S_IKbL5V-XQ&xkcb=SoDY67M35kIN0ZSL4R0BbzkdCdPP&fccid=dbf7f6e83a986dec&vjs=3
nhân viên IT,N/A,N/A,N/A,N/A,https://vn.indeed.com/rc/clk?jk=a2580d32488d5e53&bb=sThiR-tVNFQYJk43mZoaPSu-GHyjFulPqHydWfy5Pp_YlGSI_JcZHeLDYvHDLJKzGq1bGiKk8qNu2eTw0zstl5iHKYiQ76rjEFHiK0yE8trWh6fqczY_iTXlO7gmR4Gc&xkcb=SoBs67M35kIN0ZSL4R0AbzkdCdPP&fccid=0617bc21eb5b72ff&vjs=3
"CHUYÊN VIÊN IT PHÁT TRIỂN PHẦN MỀM, WEBSITE",N/A,N/A,N/A,N/A,https://vn.indeed.com/rc/clk?jk=65ae5f40f6110cbd&bb=sThiR-tVNFQYJk43mZoaPX3Pvg_rX7D1n-GUt9_-Ugo1FJaYleXtcOtmXK5FZkNAYEUGM5mYSzN-QfVk5zmzOYLRhUL2t7Vrt0H3hJ2zE_ygEmIMtiDP565NLig6_6m9&xkcb=SoDi67M35kIN0ZSL4R0HbzkdCdPP&fccid=648ad965b14be317&vjs=3
Nhân Viên IT Support - Việc làm mới,N/A,N/A,N/A,N/A,https://vn.indeed.com/rc/clk?jk=defa468a42e4e22d&bb=sThiR-tVNFQYJk43mZoaPWd1Rr1M9Vc1qi9f7A5kI0WG41qvQkkEf_69RKNhBb0ZACSiL5_NsWDCKRdiTg0Nf7RNn9ccgI5MROptUHY2g5XbzNpWerTC85iqQ1GKA0dv&xkcb=SoBW67M35kIN0ZSL4R0GbzkdCdPP&fccid=c658998133bda590&vjs=3
"IT Compliance - Compliance, ShopeePay",N/A,N/A,N/A,N/A,https://vn.indeed.com/rc/clk?jk=7173677c209299b3&bb=sThiR-tVNFQYJk43mZoaPdi5h3MAfG5tq1xFc-2Cjhih6Qf3QYR_Ph-s6klqBycpKua-rlocdr2zAopbh1xvfyioSegCIJB9PXpVoy1qQW5PEUFjA7I26nyGKMiMGSPi&xkcb=SoDL67M35kIN0ZSL4R0FbzkdCdPP&fccid=0b476c4a7add47fe&vjs=3
IT Support Executive,N/A,N/A,N/A,N/A,https://vn.indeed.com/rc/clk?jk=7a6c981e9c85f095&bb=Jl_CqyVrFIE4pIe_6ZC0HtGQ3t-lqDHWt0xO7jl1Jqij4700ti-Y3rlLVjin14zU2p_AsFmnMeSo42Vx4W5fiaNKwiuckaSPUEdffUHfyeU2kzeOTnZNBXUyYqGdicnt&xkcb=SoBs67M35kINlKyL550PbzkdCdPP&fccid=c40cb8cb88b67b2d&vjs=3
"Senior Officer, IT Quality Engineering (40001138)",N/A,N/A,N/A,N/A,https://vn.indeed.com/rc/clk?jk=babcd12ff2638735&bb=Jl_CqyVrFIE4pIe_6ZC0Hn0KlPOhnZ-Wb90W5gm477_XiBL1w4mkZcrcsLdA9ppjCpWzXVdBMU83LdCX_3ZrYJG1ZZoxp9LS94-3a7t2W2CJDc4oxmsFv4Vyzca12feT&xkcb=SoDY67M35kINlKyL550ObzkdCdPP&fccid=a0a9e262e77c118f&vjs=3
Cộng tác viên IT Trường học,N/A,N/A,N/A,N/A,https://vn.indeed.com/rc/clk?jk=ea6f01c1624e2327&bb=Jl_CqyVrFIE4pIe_6ZC0HtVEkFmN4OlkqbWYeSxVqEZrPup-CZ8xeX0CX6oiiQhLFfCQe-CtHLU_ueHKG-4_6aw3dIVWn1hPZeBnAzurgvkUGBn6Dr7TnjvZrsi2i8VC&xkcb=SoBF67M35kINlKyL550NbzkdCdPP&fccid=5784e0d10c350b06&vjs=3
"Technical Program Manager, Test Engineering, Electronic Products",N/A,N/A,N/A,N/A,https://vn.indeed.com/rc/clk?jk=fc88113a81395aad&bb=Jl_CqyVrFIE4pIe_6ZC0HqsD1uH7lfQa--0HeAMneaLrqPbjnYu67hmHtTrmICP3mGrT8sQSg9Ub04T6paSCE0HVaCeYWr6L7eEOcAU2mterMiPCBcAzfQ%3D%3D&xkcb=SoDx67M35kINlKyL550MbzkdCdPP&fccid=a5b4499d9e91a5c6&vjs=3
IT Recruiter Freelancer,N/A,N/A,N/A,N/A,https://vn.indeed.com/rc/clk?jk=d97fbb7a0fd7c99e&bb=Jl_CqyVrFIE4pIe_6ZC0HqKiKB3yaa6Q5jHp3shudT4ExUf5qC9HlEUWrsin-QRZGNFL13h67UkwK7vm9I7pMOrdZgblovAQmQjgnLVGa2KZeU_wRPQU0uz2EixpRgay&xkcb=SoAY67M35kINlKyL550DbzkdCdPP&fccid=034332559ae16127&cmp=Global-Job-Services-LLC&ti=IT+Recruiter&vjs=3
[HN] THỰC TẬP SINH IT VẬN HÀNH,N/A,N/A,N/A,N/A,https://vn.indeed.com/rc/clk?jk=4ca5a56dc0f32f1d&bb=Jl_CqyVrFIE4pIe_6ZC0HtX7IahCp4Fw1szLalKmiuF7xg4mpcaoh8J4-1pfsmuwgbf84y-_QuLkY4EmGocbDTOw3W4BGzUK7f0M4iufCoE8xFxKerWsoTk_idVGemBl&xkcb=SoCs67M35kINlKyL550CbzkdCdPP&fccid=b66256f4d62ba2fa&vjs=3
IT ENGINEER,N/A,N/A,N/A,N/A,https://vn.indeed.com/rc/clk?jk=456b60151d5d7799&bb=Jl_CqyVrFIE4pIe_6ZC0HgdZb3iPIkt-V3Rboa1EwuClztJacWpb9JfjMh0unFPSeNEcGdM7WLts03U40WNbiUuyb4nogyyE0_-pg53gwkzbM5E1_4sde2EJt8N87vIm&xkcb=SoAx67M35kINlKyL550BbzkdCdPP&fccid=9867f11ddc8134da&vjs=3
JANPANESE IT COMMUNICATOR,N/A,N/A,N/A,N/A,https://vn.indeed.com/rc/clk?jk=332fd686099306e2&bb=Jl_CqyVrFIE4pIe_6ZC0HkHA18p5Ad7fWsFNF00NgvR2FXjrEuSZHmGMoVS5Rk1jgQqnS8kKxk8lmOUPAebFGQqt9o7EPN6uA4Z6JUj3ja3n_5G4KMxtB_nreSu9rxKZ&xkcb=SoCF67M35kINlKyL550AbzkdCdPP&fccid=e0e4dbabf10e5424&vjs=3
TUYỂN DỤNG VỊ TRÍ NHÂN VIÊN IT – QUẢN TRỊ WEB,N/A,N/A,N/A,N/A,https://vn.indeed.com/rc/clk?jk=07ed05b490a01bb9&bb=Jl_CqyVrFIE4pIe_6ZC0HuhyCtwwkiKiChfb95NzehiFz7jd65FBNY7k9YjrrFScAb83wwEyzLXynWCyQhTL7Kybc82GDzKlIVva1BJrVzEW5hcAe0WN1gq1DRacPMP9&xkcb=SoAL67M35kINlKyL550HbzkdCdPP&fccid=9926319bc9bc035f&vjs=3
Thực tập sinh Lập trình viên Web,N/A,N/A,N/A,N/A,https://vn.indeed.com/rc/clk?jk=f391dcf0f2ba19cf&bb=Jl_CqyVrFIE4pIe_6ZC0Hn7o1DOoYzVAzlMMZErUrBa2HfoIItq2M8rqqf4xIMZvSk3SJYqoTXRhS7ZMOw4OD22ibyVw6-8MMoSQRU9iazgT_QhRsLj6KaSKW8yR4jAC&xkcb=SoC_67M35kINlKyL550GbzkdCdPP&fccid=bbd17cb26dd60844&vjs=3
IT Support Engineer,N/A,N/A,N/A,N/A,https://vn.indeed.com/rc/clk?jk=ffb61717d34a87fb&bb=Jl_CqyVrFIE4pIe_6ZC0HngJymsHDRufLNWfvt_csE902kVABYcNC-5FAH1e7M06y8IfFSdq0LozYXIs-d6lNx4lMhpzruz5pm3gqo09pCjBTha8BRTAA28XisBmZQ_q&xkcb=SoAi67M35kINlKyL550FbzkdCdPP&fccid=42ebfdc0ccdf11c4&vjs=3
NHÂN VIÊN IT-QUẢN TRỊ WED,N/A,N/A,N/A,N/A,https://vn.indeed.com/rc/clk?jk=399a93160f86f4ca&bb=Jl_CqyVrFIE4pIe_6ZC0HuX1n98hgmMFKTsNEl4DHKsrOB1FfBXt5btl4S6IPZK9k02cjKRo8Hup8JaEycy5XjNV6qIWhTMMXukPC0Kt5xDg0rX5Dh8MlSeSkGKgdIVT&xkcb=SoCW67M35kINlKyL550EbzkdCdPP&fccid=1ddf0beaaa10023c&vjs=3
IT Operator,N/A,N/A,N/A,N/A,https://vn.indeed.com/rc/clk?jk=85bc19c1d87cd10f&bb=Jl_CqyVrFIE4pIe_6ZC0HnabhAXFljFIepYImo3eQCFPdraZIGM-5_Qk66ihVimXkFF6eRZn-8ddTmWZEzzNFzEnN1xMwSsx30-tE5Or16iujyvUVIltF-gsSnnopT6e&xkcb=SoCx67M35kINlKyL550bbzkdCdPP&fccid=58b2d64deed19aa5&vjs=3
Trưởng phòng IT,N/A,N/A,N/A,N/A,https://vn.indeed.com/rc/clk?jk=e1cb8b19b7bc8aee&bb=Jl_CqyVrFIE4pIe_6ZC0HsjqPrQo_YO6HytOIMq8Rvb__Uf9LQYVbwjxQ1CLIYopydF0Br6wHfR6JYgFhzff7laATXG96mJdscwqGVJX6Uo6ZissHGUuS4jS1-foXHzR&xkcb=SoAF67M35kINlKyL550abzkdCdPP&fccid=aef88118b8c2cf4b&vjs=3
Chuyên viên Quản lý chất lượng và điều phối dự án IT,N/A,N/A,N/A,N/A,https://vn.indeed.com/rc/clk?jk=00c541d63c2a7b24&bb=Jl_CqyVrFIE4pIe_6ZC0HtGQ3t-lqDHW3bRoynstQW0aXxCWMzqjG13u4F0oQkXL9W6I-srrO4tOoI9l5OoL17NBkVHg4PnE3yD2k5QFmqIAcOsEi3vET-vMGvTHAQHE&xkcb=SoCY67M35kINlKyL550ZbzkdCdPP&fccid=447efdee9187e5c0&vjs=3
Trưởng phòng IT,N/A,N/A,N/A,N/A,https://vn.indeed.com/rc/clk?jk=e1cb8b19b7bc8aee&bb=F8PWLFlWm7xp6pplDGaoxlMilA1q_alkglhZo8Mkvgevfv3KWhqFEB4BhJvd6-IKv_BtLsV7bnS7XCSaBBKPLUCHWO2SfX7JQB7GRGQQC53F1gyabO4eKEp3tixZKIuV&xkcb=SoCZ67M35kINsnSL550LbzkdCdPP&fccid=aef88118b8c2cf4b&vjs=3
Frontend Developer (Junior),N/A,N/A,N/A,N/A,https://vn.indeed.com/rc/clk?jk=7407d5355faaa753&bb=F8PWLFlWm7xp6pplDGaoxuc83xggGqywOu82l6ACP38Xghyi6688B6QYBNLD3ZI_LwY9QCy2K1OB-ePAY_tBYbhfV1FHluYvLAZpmpSBXxQBbLI6aVfo2lf1He8mZtLn&xkcb=SoAt67M35kINsnSL550KbzkdCdPP&fccid=a9f6f367967c48b7&vjs=3
AI Engineer,N/A,N/A,N/A,N/A,https://vn.indeed.com/rc/clk?jk=978d80a07ce72318&bb=F8PWLFlWm7xp6pplDGaoxjTya4wp7pjDvHFPUeYbKq6XeTftqCKaBujVhSqbdR-8kkHOMoh9GLOhfPIURBL7EQUA0J9q3ftEgzh_u1XbKliCHWbFSJ1PFee6lLynC2wy&xkcb=SoCw67M35kINsnSL550JbzkdCdPP&fccid=aef88118b8c2cf4b&vjs=3
Nhân viên Tester (Web) - Việc làm tiêu biểu,N/A,N/A,N/A,N/A,https://vn.indeed.com/rc/clk?jk=d113672f32e68f89&bb=F8PWLFlWm7xp6pplDGaoxr84ONvpBhDCR-DFZdR10h3ofLgzJ0v7pgVOiH8lKUXzsT3hZL-tHkJ8K-9qe0rOIQ3WuP3j74F_muy4C9MuuK6rIQcf5vllbztC_le1n6Kc&xkcb=SoAE67M35kINsnSL550IbzkdCdPP&fccid=dd616958bd9ddc12&vjs=3
Software application analysis and support,N/A,N/A,N/A,N/A,https://vn.indeed.com/rc/clk?jk=704efcd8c25d8418&bb=F8PWLFlWm7xp6pplDGaoxhTMqZFJ6tKuvgScugWl7OPIDfMA0MR4Pk_4SD3adYtNAA31uneR7PoPydhnCKRh0w9PKHnW3tC2L5he4S7Tq7U62yj4PuNwn-U4GnHmmYu_&xkcb=SoCK67M35kINsnSL550PbzkdCdPP&fccid=14cace4de1cabdb8&vjs=3
Kỹ thuật viên IT có kinh nghiệm,N/A,N/A,N/A,N/A,https://vn.indeed.com/rc/clk?jk=a9be9c56a623940d&bb=F8PWLFlWm7xp6pplDGaoxtG4j9zMHA1DJ-zKm7WD-KiDI32hEYgVJNng1luQ4UHG_HhbB5C9v7QeajjKxvbe60sbCv6olokH6BLZnhQtVXHVAp0Kp6Iz1HOfFvEWsPj-&xkcb=SoA-67M35kINsnSL550ObzkdCdPP&fccid=8a8840f169bd13bd&vjs=3
Sale IT,N/A,N/A,N/A,N/A,https://vn.indeed.com/rc/clk?jk=be5f50cce4cab69f&bb=F8PWLFlWm7xp6pplDGaoxrEkiES7cKMyHB3ce4xm9fSK0Q4Vs9bO4O5FtzDouWUCP7nGBpqLSi5wlsksqpX-zYeiRvJqSqGpCjf9WfhcXq-pvS9XLkiJDDYMA4MKVl3W&xkcb=SoCj67M35kINsnSL550NbzkdCdPP&fccid=5ba2efe0973a40d1&vjs=3
Lập Trình Viên React Native - Fresh IT,N/A,N/A,N/A,N/A,https://vn.indeed.com/rc/clk?jk=83b82b1bdbe6b490&bb=F8PWLFlWm7xp6pplDGaoxvf40-xk49uW2y5kerKQ4vunBoA-MQkw50y6Y9IaxlxpHGI5lxLiYP3qy3NR110ou7vvOX_itQap7uqmTH87OCQumQ4e42f8EH5xOeUIvBmQ&xkcb=SoAX67M35kINsnSL550MbzkdCdPP&fccid=e9ecf8bcf5cdf5cf&vjs=3
Nhân viên hành chính văn phòng kiêm IT,N/A,N/A,N/A,N/A,https://vn.indeed.com/rc/clk?jk=f53e5821ebfb979d&bb=F8PWLFlWm7xp6pplDGaoxrLWlaG2r_x7sU5w9al3DSBscAPolpcD8te-Yb26QVabVSOQGJPuzEOb2Rb5p4zlrLxLE2IxudMVo4PxkaYdqcrOusqjEpkdNREbgk-_U_U5&xkcb=SoD-67M35kINsnSL550DbzkdCdPP&fccid=a844630a046230f6&vjs=3
Software Engineering Intern (Full - Time),N/A,N/A,N/A,N/A,https://vn.indeed.com/rc/clk?jk=c244125fb332ea3c&bb=F8PWLFlWm7xp6pplDGaoxiJdL5mcLuCk--PZ8tcCZUIYl1VIAA9atU1It_TQWrGTTFz76sRnpiJCILyi4uH4CMf-ECU6bCxk0uaewC4IWSvb6Ou_2UXQIinHnloeThTl&xkcb=SoBK67M35kINsnSL550CbzkdCdPP&fccid=874a6c09a8b1d81c&vjs=3
Nhân Viên IT - Lập Trình Odoo - Nhận việc ngay,N/A,N/A,N/A,N/A,https://vn.indeed.com/rc/clk?jk=589b567047f53cba&bb=F8PWLFlWm7xp6pplDGaoxsipJ8FjdqfUzmk3L40bAEwpQf6XmpOwOt0XoMHmXJRZIxLEbUnfRs16XUJcWZKn3HBD7qncsOUMhWVMbnHjN1xiilf1nf55QQ5MrEtftBtM&xkcb=SoDX67M35kINsnSL550BbzkdCdPP&fccid=011b4274d7225eab&vjs=3
Nhân Viên IT Quản Trị Mạng Và Hệ Thống,N/A,N/A,N/A,N/A,https://vn.indeed.com/rc/clk?jk=37369a0cc990c076&bb=F8PWLFlWm7xp6pplDGaoxqSKQRu_1PhvVL4PkMZXuDatncHKqXqsRw5PNYjHx15e7PKEYKg6XOt0LpcEoOKeLxHmpAB6Jpm0_oyaCol_AIQtA63a50W1SJoJwYONvQjJ&xkcb=SoBj67M35kINsnSL550AbzkdCdPP&fccid=11e88db753d501bc&vjs=3
LẬP TRÌNH VIÊN,N/A,N/A,N/A,N/A,https://vn.indeed.com/rc/clk?jk=66f51027411fc7aa&bb=F8PWLFlWm7xp6pplDGaoxpt6QLow4bzpAq1NTclvUf6tscxns-btu0cqEjolcuwKX2F7JUGYfm00tYLD5wFgvKyCa00dJo4DSEfQOqW2BYgO72BZVcIL8Ijk8XzIe3H_&xkcb=SoDt67M35kINsnSL550HbzkdCdPP&fccid=784e9497abea4d02&vjs=3
Junior Software Developer - Hanoi,N/A,N/A,N/A,N/A,https://vn.indeed.com/rc/clk?jk=0c326418a882eadc&bb=F8PWLFlWm7xp6pplDGaoxkJCutYP7KUjajlHnUVBmn3N8hIuvn77fFKTv0ol2YIyDWOJM9309Ej8B6rdWVmVi01CcamD0rqZ_z41_5pch8Yz8mUigYOsi3FpB0-kZjXO&xkcb=SoBZ67M35kINsnSL550GbzkdCdPP&fccid=9867f11ddc8134da&vjs=3
Tester Làm Các Dự Án Website,N/A,N/A,N/A,N/A,https://vn.indeed.com/rc/clk?jk=77fafdd50852e7e1&bb=F8PWLFlWm7xp6pplDGaoxn-L8ai_lmZP20oFaJsQCREf0ma3D5Wq2fAj2YruXfkUh6n8hdGK1bOK_sI1V1dogPLKWpzjl0YR27EkjOk-CQuOHmcb5kA9u8lwKgyp7Dd_&xkcb=SoDE67M35kINsnSL550FbzkdCdPP&fccid=4ee92188ddacde14&vjs=3
SE Asia Cluster IT Site Delivery Manager,N/A,N/A,N/A,N/A,https://vn.indeed.com/rc/clk?jk=23913778f3f1514a&bb=HWOYSO65WFQHUHPLg9d1q47ayI6ArBwCpYhjcGlmUO6dcGWpx1LNTvAFBV1v7xfu_Fb9lQFSQrsZ-Pxvura5bdH1BcenFG3Da0OvwGB9VuF91-l5cadLuP9lwHt9lkYJ&xkcb=SoBR67M35kINpoyIAZ0LbzkdCdPP&fccid=8774bcbf6844c59c&vjs=3
Cộng Tác Viên Customer Service Remote,N/A,N/A,N/A,N/A,https://vn.indeed.com/rc/clk?jk=cc4ae3b2e32c52ef&bb=HWOYSO65WFQHUHPLg9d1qz0Z-DsJB5lp6DQE-uD-HVbumi2IHcA3G386N0dRkIiX9_Tmhv9APZ_EvklDOp3T5DETdqEHp0auJAkBQWSV1TN3cujY4Bw2WLTqISfua364&xkcb=SoDl67M35kINpoyIAZ0KbzkdCdPP&fccid=e6f2bde17fddc8d3&vjs=3
Chuyên viên chính QLRR hoạt động (IT Risk),N/A,N/A,N/A,N/A,https://vn.indeed.com/rc/clk?jk=bd21edfdcbf52e24&bb=HWOYSO65WFQHUHPLg9d1qzCbU0Y0r_kiP11XaDnmAuOETV6qExUwlyZWOGJGqAebNha1Rl77fHDCH34hy8Ea7DyuTBknaRvkxOvxR5Zq8l8nLcFZjsxoDIGSttUzmd87&xkcb=SoB467M35kINpoyIAZ0JbzkdCdPP&fccid=4735ea242325c8cb&vjs=3
NHÂN VIÊN IT,N/A,N/A,N/A,N/A,https://vn.indeed.com/rc/clk?jk=de7e79941ea7581a&bb=HWOYSO65WFQHUHPLg9d1q_fZXGqUfcGF3nHZ4NHKdBLv1KW4YFt9AxYqDTdU1BVLqG4peppZSX_5-h5jL6WvH6m4xdGNtc5bFcwvqdnFsrlUtOsP42osn2ci_X8ujqjO&xkcb=SoDM67M35kINpoyIAZ0IbzkdCdPP&fccid=848eca1667a817f1&vjs=3
03 IT Recruiter,N/A,N/A,N/A,N/A,https://vn.indeed.com/rc/clk?jk=c59551d77ee7f179&bb=HWOYSO65WFQHUHPLg9d1q7DMlqGtojfiJziRJ7xMfF6Jgg9lY81QLy0X8BmO9tmBnM_9_JSj1dPAAVreZmetF40aFdC71SeugV0GtPq750eVVfmgpJgPCpvpHlfzxEX3&xkcb=SoBC67M35kINpoyIAZ0PbzkdCdPP&fccid=dde0d034f0368646&vjs=3
Nhân viên Vận hành NOC IT,N/A,N/A,N/A,N/A,https://vn.indeed.com/rc/clk?jk=a0976d871996ad60&bb=HWOYSO65WFQHUHPLg9d1q-Ejuce_ZBThIpOKHuo7tS22Af9qbvNkqKOC2G7vmA7f-1KbCARRPpeMn_nw7tRGCCvSMUuyYv04GDkdoejQy_-x4ITgYEYsj3cD8-yictcH&xkcb=SoD267M35kINpoyIAZ0ObzkdCdPP&fccid=c9e99fb8bf580394&vjs=3
Project Manager (Web & Mobile Testing),N/A,N/A,N/A,N/A,https://vn.indeed.com/rc/clk?jk=306f98b0bbe49eb4&bb=HWOYSO65WFQHUHPLg9d1q7cEBp8gjoJi_fRrRanTCQ4Q3aC-xlemd5fvkXAN2HWdl7EcDIiPFTzbzoHC4bIxr64CKHeWkhjrAi9TaflGNZpYppm4lkuHKMUlsOWLMYtG&xkcb=SoBr67M35kINpoyIAZ0NbzkdCdPP&fccid=90f4dcc6dea51682&vjs=3
NHÂN VIÊN XỬ LÝ DỮ LIỆU HÌNH ẢNH,N/A,N/A,N/A,N/A,https://vn.indeed.com/rc/clk?jk=a8ca657b87b2e300&bb=HWOYSO65WFQHUHPLg9d1q0BpWiY8rbzRw9T3wwQqi1p6fe0RhbkXybArQr7TVmngTVi1ZKXGTggPxk7F7KEdT1AnnTfEoy79ne-AYiWf1uEAU8rkfm9hFD9-l835cprM&xkcb=SoDf67M35kINpoyIAZ0MbzkdCdPP&fccid=90f7e25991623226&vjs=3
Content SEO Website (Part-Time),N/A,N/A,N/A,N/A,https://vn.indeed.com/rc/clk?jk=3b88c4d82e9fe070&bb=HWOYSO65WFQHUHPLg9d1qw9gay9mYA6_O70i-9YecoAp-Z-BBQORPbGnennfkpVmw-l3flofp08ip2fWSL5nxcwv_xWDyC7oWDpjui81JWhgwSIN-ht0w8Vl2rhriwAR&xkcb=SoA267M35kINpoyIAZ0DbzkdCdPP&fccid=9ae0071ef74600ba&vjs=3
IT Infrastructure (VMware),N/A,N/A,N/A,N/A,https://vn.indeed.com/rc/clk?jk=f44feb986fa93a32&bb=HWOYSO65WFQHUHPLg9d1qzSBCPsQzA3FCinEuEgtGCHoEnA4Gu9NMfpdcsXPEG-r9NN0Jv4FCHF13_hHE4grkyMYKB8jZFi397oEOGgLH6IGl-gZMrqx59JXqElPF4Zd&xkcb=SoCC67M35kINpoyIAZ0CbzkdCdPP&fccid=15e27a28109c1c14&vjs=3
Chuyên Viên Phát triển phần mềm IT,N/A,N/A,N/A,N/A,https://vn.indeed.com/rc/clk?jk=e38673cce0b919e0&bb=HWOYSO65WFQHUHPLg9d1qyWVg42ebX3wEmaiYexn9z0f9FJ1iq8MkIMm1pZRFfHlTYQCdvC9QUHaWqHNNe03QPiSLxg9gQ6vw2V5ejudR-M-7jZSQ4fVzN97b3Rmkkgf&xkcb=SoAf67M35kINpoyIAZ0BbzkdCdPP&fccid=447efdee9187e5c0&vjs=3
FRESHER/JUNIOR LARAVEL + VUEJS DEVELOPER,N/A,N/A,N/A,N/A,https://vn.indeed.com/rc/clk?jk=dd6376dd82b941ac&bb=HWOYSO65WFQHUHPLg9d1qy2XghkUSqApcycx-aR79rtS7moymP5Hvl6OviLHBU9hfdgmZVHa4SNyGYHt_M3xqkY7T6kbi4om6VRTSohfRRdQCEWdA0PdSsxITrcVdLGL&xkcb=SoCr67M35kINpoyIAZ0AbzkdCdPP&fccid=146ccfc589e40148&vjs=3
It Comtor (Japanese N1/N2),N/A,N/A,N/A,N/A,https://vn.indeed.com/rc/clk?jk=6dcf1939e0181d47&bb=HWOYSO65WFQHUHPLg9d1q-vHZucenHp44ryHRpyeN3KxFTwmuRXFlU05VQBQMzUsL_r__r01mAC4AX0_ecmrVYE9aAvfcSh1pb94TUh_f4WSifscWvF9Mb20pqEkcgRv&xkcb=SoAl67M35kINpoyIAZ0HbzkdCdPP&fccid=594b249209315a67&vjs=3
[HN/HCM] Business Analysis,N/A,N/A,N/A,N/A,https://vn.indeed.com/rc/clk?jk=c8e05587385d198c&bb=HWOYSO65WFQHUHPLg9d1q8_wk-XCG2GG8u3C3PEBElBDsVbFjKSeDkavnYJCqK5LW8s7nbGMDuhpEESqdZ8EadHPeUWccM6UM-kcMWHtBZWBsTHh5eKplUfEUKOgzdxf&xkcb=SoCR67M35kINpoyIAZ0GbzkdCdPP&fccid=ce6d17efa1f916b4&vjs=3
CỘNG TÁC VIÊN LẬP TRÌNH (DEV),N/A,N/A,N/A,N/A,https://vn.indeed.com/rc/clk?jk=cd3683e1b684bf20&bb=HWOYSO65WFQHUHPLg9d1q9EblBbI8nVOZNR8lDdQIYxTCaOQKmz_FKIB2srAfzSpK-m8IGH_RCe5lY-2aA4lnHAY3wHTy6EXNGfXSdDa2wuWoyxjRGHFUk__05Hz01Lm&xkcb=SoAM67M35kINpoyIAZ0FbzkdCdPP&fccid=01d84909952c1c5a&vjs=3
Software Engineer,N/A,N/A,N/A,N/A,https://vn.indeed.com/rc/clk?jk=06be5ea411edfa0f&bb=WcDmLn1XEPg9VJQ1y3fdYD2DLiE5E6Ry6gXHaP7a8oo59fojjpf-E_kAFPCMMTb76tsCpbfKbBWJUZTXu6Ywzk6dmBoq4JoeLeaeh0wM9dhHzQyVwtv6CSSxnyovqKAp&xkcb=SoBv67M35kINSMSL550LbzkdCdPP&fccid=5d0ff632746074c2&vjs=3
"Front-End/Website Developer (Html, Css, Javascript)",N/A,N/A,N/A,N/A,https://vn.indeed.com/rc/clk?jk=79b609b0a5636b5b&bb=WcDmLn1XEPg9VJQ1y3fdYLfmFt2NrbNfYNTOHSBq_oAY__EWp8dk_uchKZDy3WtqKheAsUF8pvul_qT-QgJ2Zb7QrETSf3hSeebqBcSfH3ibvWqFM3-bypeWrqC_LwQS&xkcb=SoDb67M35kINSMSL550KbzkdCdPP&fccid=4488d3d5915fbe75&vjs=3
"NHÂN VIÊN IT, SEO, THIẾT KẾ VÀ QUẢN TRỊ WEBSITE",N/A,N/A,N/A,N/A,https://vn.indeed.com/rc/clk?jk=f834f7f7a02d718b&bb=WcDmLn1XEPg9VJQ1y3fdYD1q0ICT3lMENWZ_4Ogr0Xs2nDLblxSP2SIQrmuDWO8bCj1kFbID_2RrkSXkOOUxoqem5ashGbfYyGq8AXchiY0PdR_CCPEF3sMfOlC3emE7&xkcb=SoBG67M35kINSMSL550JbzkdCdPP&fccid=fe7627dd0a95b4d6&vjs=3
IT Auditor,N/A,N/A,N/A,N/A,https://vn.indeed.com/rc/clk?jk=ab54ab0e3c1f9717&bb=WcDmLn1XEPg9VJQ1y3fdYEA8dE2YYDszRzuDxOlHyWqeom3AbGKngaMtlqYPFvSsd5tEX2Y_J8KZXVCkRtTwLNy2iAI11FPzCrEIowXX9G5MoGlbnyyZpQ078bYhjZ24&xkcb=SoDy67M35kINSMSL550IbzkdCdPP&fccid=a0a9e262e77c118f&vjs=3
AI Engineer,N/A,N/A,N/A,N/A,https://vn.indeed.com/rc/clk?jk=2af3f2640307fb5e&bb=WcDmLn1XEPg9VJQ1y3fdYAMo97rwkgQPQSnvsRjPMWxQqBQhDYgmUBKi_rztSdtBLWSOQYpwJyAJxy3UmqHxgGx-jok01k12XvMdjKN--t0-WzOm-LHl-HHKfo9orD5H&xkcb=SoB867M35kINSMSL550PbzkdCdPP&fccid=25d1fed659d64a7a&vjs=3
"Senior Officer, IT Operations (40001120)",N/A,N/A,N/A,N/A,https://vn.indeed.com/rc/clk?jk=5ccfc35e6aec69cd&bb=WcDmLn1XEPg9VJQ1y3fdYA77si_lvuKD_Fx5PijUh9907WzIkb6jL1wJroDmu4DWlqaPBOiuzBgbHNr2gUNbiFC3b4_WLmst35HtiHgon-Q70Sd4GOmq42gnoMMOWHEc&xkcb=SoDI67M35kINSMSL550ObzkdCdPP&fccid=a0a9e262e77c118f&vjs=3
Lập trình viên NodeJs,N/A,N/A,N/A,N/A,https://vn.indeed.com/rc/clk?jk=fcbcb580d75b3887&bb=WcDmLn1XEPg9VJQ1y3fdYJKDnWSbO0k0IzyNlLaKfyPt45w4moSjCaBT8QwySkfINLwzzw8hM2u52iunqrcni4_ScXyErwAHZVcHsvwUc_CeMr2GYUHVdxSVvzR6yLHW&xkcb=SoBV67M35kINSMSL550NbzkdCdPP&fccid=503b68e75b5cf310&vjs=3
"[HN, FF] Cộng tác viên Trợ lý sản xuất",N/A,N/A,N/A,N/A,https://vn.indeed.com/rc/clk?jk=526b10b5bb165932&bb=WcDmLn1XEPg9VJQ1y3fdYAzJJZu9QXigC0Jc3wOu6CGUyoIMiKXoVXntpsXelJ2FJorMKZvqY31ppLE0KZMqbsSL1Ze1wtw9TuQAY1Ux6h5BApCd4Aa-5t3Grnxq5rBl&xkcb=SoDh67M35kINSMSL550MbzkdCdPP&fccid=2aa3fa695ba957e4&vjs=3
IT Comtor,N/A,N/A,N/A,N/A,https://vn.indeed.com/rc/clk?jk=e9ac0c1d56e6aafa&bb=WcDmLn1XEPg9VJQ1y3fdYKLY6Dm4Z7nw0Bd8Gh3Y5q7roDQDuAgmt88GAgpJ6eI2dUIQ0ugUXNRpfTvI3Yl4oR9TDYyzC7Uc9bNJcbBrtl_E1Wd1zcgl0qDjU4UzHTsj&xkcb=SoAI67M35kINSMSL550DbzkdCdPP&fccid=ba44c6ab9d69dfc7&vjs=3
"FrontEnd Developer (ReactJS) – Hanoi, DaNang",N/A,N/A,N/A,N/A,https://vn.indeed.com/rc/clk?jk=405cb25f7c835f33&bb=WcDmLn1XEPg9VJQ1y3fdYJ8cc3eEQ2HNQi240RiNzY7zr5T_fyrsLRFXkCT_FMYkvitRnWRsUWZTUUZtqoTEImkUkIAl2Zk209NPPry6efZ5M4GShrtFoqa0C7LD3Z_g&xkcb=SoC867M35kINSMSL550CbzkdCdPP&fccid=fa1af4a4ce0a8189&vjs=3
"TVC24 cộng tác viên đọc lời bình, voice talent, thu âm",N/A,N/A,N/A,N/A,https://vn.indeed.com/rc/clk?jk=40c34f23cfcdfd16&bb=WcDmLn1XEPg9VJQ1y3fdYDzTQt050g2KCcjDvkSO5JgNPZsRgLoPRhqsCUtxAAffEUpsMpV3zs08I7q_a3AuFlYMlYwWFN7aHM4IZ4eKRmgplfQyHSdMPO8QyAhIQD61&xkcb=SoAh67M35kINSMSL550BbzkdCdPP&fccid=24832bd3cac9006e&vjs=3
IT Business Analyst - Up To $1500,N/A,N/A,N/A,N/A,https://vn.indeed.com/rc/clk?jk=3947eef266faa3e2&bb=WcDmLn1XEPg9VJQ1y3fdYLObKcJRxh0bkNdnTwvnrILpeZPwl33Kv-9YxO4VSg7p0aLLb2pYBfaZCa3UMkXg2X3VrHzUugo8qeTuIsGPT23bie2eWnUZQki8ZPiqArm8&xkcb=SoCV67M35kINSMSL550AbzkdCdPP&fccid=27ed2a1fba7c37ef&vjs=3
"Product Quality Engineer, Pixel Phone",N/A,N/A,N/A,N/A,https://vn.indeed.com/rc/clk?jk=1e6a57de5f7d0605&bb=WcDmLn1XEPg9VJQ1y3fdYOfG7X1qjWhaQVviUETWzkmUeud8qDH0w00K0Rm3DuQo5l9lvgy3O-f7khkx-lQUP9cl515zCVEVJkB4BwJDgIkCMijZ5vpIAQ%3D%3D&xkcb=SoAb67M35kINSMSL550HbzkdCdPP&fccid=a5b4499d9e91a5c6&vjs=3
109041 - Sales Manager - IT,N/A,N/A,N/A,N/A,https://vn.indeed.com/rc/clk?jk=da5dc0445ca4410d&bb=WcDmLn1XEPg9VJQ1y3fdYI9h96aiaGLQPxzjLrMCi1gzzx5sMlUVfxZiv5Qs5RIPnPGsny3GcVZumtq6S8aazofcGhO07kJfcZEmYJax5Zn6iKBMoCw0SO-PgkcKzu5h&xkcb=SoCv67M35kINSMSL550GbzkdCdPP&fccid=3a5143cb00f23f9e&cmp=RGF-HR-AGENT-VIETNAM-CO.%2C-LTD.&ti=Sales+Manager&vjs=3
[AN317- Hanoi] Sales Executive (Japan IT Outsourcing),N/A,N/A,N/A,N/A,https://vn.indeed.com/rc/clk?jk=b3128db7ce8aafe5&bb=WcDmLn1XEPg9VJQ1y3fdYAzJJZu9QXig3L9Rq9-J_Vh-FqYl84TxV7jpvQt4Z2IrVnxjsZTZM9UOV_tHepXG2k7jRuzKTcbRoPlTnSlt2CrL0IxcdipA3NbExhqZD0eC&xkcb=SoAy67M35kINSMSL550FbzkdCdPP&fccid=c7b43f0026d85bd9&cmp=Gata-Global&ti=Sales+Executive&vjs=3
